email,mot_de_passe
dhia1234,dhia123456
dhia123456,dhia123456
dhia12345678,dhia12345678
zied1234567,zied123456
tesnime123,tesnime123
seif1234,seif1234
dhia1234,dhia12345
dhia12345,12345678
dhia1234567,dhia123456
ghofrane,ghofrane
oussama123,oussama123
belhadj123,belhadj123
louay123,louay123
malek123,malek123
dhiaharchay123,dhiaharchay123
seif12345,seif123456
seif1234567,seif1234567
kais123457,kais123457
nassim123,nassim123
amine123,amine123
ahmed12345,ahmed12345
naim12313,naim12313
haroun1234,haroun1234
ghada123,ghada123
tayeb1234,tayeb1234
cristiano123,12345678
